{"3": {"0.1": {"chi2": 0.021757948648587003, "error": 4.405293674747111e-06, "N": 10}, "0.01": {"chi2": 0.045316755576631576, "error": 8.451591009501966e-06, "N": 10}, "0.001": {"chi2": 0.002834901306692748, "error": 1.4906747214719395e-06, "N": 15}, "0.0001": {"chi2": 0.000310967060228989, "error": 2.811115869443124e-08, "N": 38}, "1e-05": {"chi2": 9.038318710021433e-05, "error": 1.1497151751452134e-09, "N": 109}}, "4": {"0.1": {"chi2": 13.923837658206734, "error": 2.3869228729102838e-06, "N": 10}, "0.01": {"chi2": 3.3258160737746585, "error": 2.355636208465337e-06, "N": 10}, "0.001": {"chi2": 0.3702011620725628, "error": 2.196683445244708e-06, "N": 10}, "0.0001": {"chi2": 0.009770182723352706, "error": 1.6314002585381263e-07, "N": 14}, "1e-05": {"chi2": 0.043646639442191486, "error": 1.9417129295284846e-08, "N": 19}}, "5": {"0.1": {"chi2": 1168.4635822911996, "error": 2.7263492795843627e-06, "N": 10}, "0.01": {"chi2": 966.5500636437891, "error": 2.714213982617223e-06, "N": 10}, "0.001": {"chi2": 468.12629866429637, "error": 2.6945658537250823e-06, "N": 10}, "0.0001": {"chi2": 0.027687707252341567, "error": 8.89523849155854e-09, "N": 13}, "1e-05": {"chi2": 0.022864704538850904, "error": 3.1177765056003627e-09, "N": 17}}, "6": {"0.1": {"chi2": 9992.75404095661, "error": 2.8463221232903494e-06, "N": 10}, "0.01": {"chi2": 9372.699707138763, "error": 2.838366847659393e-06, "N": 10}, "0.001": {"chi2": 8461.641268695954, "error": 2.8338045875370236e-06, "N": 10}, "0.0001": {"chi2": 0.07795533947413714, "error": 2.433837995232947e-09, "N": 12}, "1e-05": {"chi2": 0.0026481912210218105, "error": 9.083668553148898e-11, "N": 17}}}