{"3": {"0.1": {"chi2": 0.11762368174159085, "error": 0.0006466061133724256, "N": 3, "time": 0.08968305587768555}, "0.01": {"chi2": 0.1240662976988451, "error": 0.0008055538112977578, "N": 3, "time": 0.09627461433410645}, "0.001": {"chi2": 0.04337894306858805, "error": 1.8550916740137036e-05, "N": 5, "time": 0.180955171585083}, "0.0001": {"chi2": 0.22148146902967697, "error": 3.0700320752018046e-05, "N": 7, "time": 0.2300865650177002}, "1e-05": {"chi2": 0.004159298062060471, "error": 2.396813855599332e-07, "N": 13, "time": 0.35929393768310547}, "1e-06": {"chi2": 0.0025714566645449687, "error": 1.459483149607581e-08, "N": 33, "time": 0.7851459980010986}, "1e-07": {"chi2": 0.0024379072770272813, "error": 1.1911379496354791e-09, "N": 89, "time": 2.0249030590057373}}, "4": {"0.1": {"chi2": 0.22801190568165372, "error": 0.00014781354539279123, "N": 3, "time": 0.09376740455627441}, "0.01": {"chi2": 0.15950017225606875, "error": 0.00014490977009962375, "N": 3, "time": 0.08726263046264648}, "0.001": {"chi2": 0.09193581907413499, "error": 0.00014339215110758779, "N": 3, "time": 0.15614962577819824}, "0.0001": {"chi2": 1.8882009601755945, "error": 6.076741874047399e-06, "N": 5, "time": 0.1798241138458252}, "1e-05": {"chi2": 1.845702068096628, "error": 6.063975725924209e-06, "N": 5, "time": 0.1866588592529297}, "1e-06": {"chi2": 5.705769578398026, "error": 1.2661271144128252e-06, "N": 11, "time": 0.3244349956512451}, "1e-07": {"chi2": 0.47039224409007296, "error": 1.566006035819515e-08, "N": 21, "time": 0.6257627010345459}, "1e-08": {"chi2": 0.12137651916874972, "error": 8.012768543923e-10, "N": 33, "time": 0.7756369113922119}}, "5": {"0.1": {"chi2": 1.7722469738364965, "error": 0.0002145998059236191, "N": 3, "time": 0.0918128490447998}, "0.01": {"chi2": 1.3726117961981508, "error": 0.0002148706491706926, "N": 3, "time": 0.09416723251342773}, "0.001": {"chi2": 1.0445709769334037, "error": 0.00021527274663082598, "N": 3, "time": 0.08958983421325684}, "0.0001": {"chi2": 0.5964491852919471, "error": 1.5222367647735863e-06, "N": 5, "time": 0.1693887710571289}, "1e-05": {"chi2": 0.5917688446827667, "error": 1.5187736110297504e-06, "N": 5, "time": 0.17559385299682617}, "1e-06": {"chi2": 0.5613458210049088, "error": 3.621679039494521e-08, "N": 9, "time": 0.2810530662536621}, "1e-07": {"chi2": 0.22922937353912903, "error": 2.7795568398662795e-09, "N": 13, "time": 0.35065746307373047}, "1e-08": {"chi2": 0.2816653033317701, "error": 3.046271220079235e-09, "N": 13, "time": 0.3565220832824707}}}