{"3": {"10.0": {"chi2": -Infinity, "error": 0.00011966046164663166, "N": 5, "time": 0.26671648025512695}, "1.0": {"chi2": -Infinity, "error": 4.923225397272716e-06, "N": 10, "time": 0.446361780166626}, "0.1": {"chi2": -Infinity, "error": 8.481745509953995e-07, "N": 15, "time": 0.5677528381347656}, "0.01": {"chi2": -Infinity, "error": 2.710555412211196e-07, "N": 20, "time": 0.7706830501556396}, "0.001": {"chi2": -Infinity, "error": 1.0327802208353265e-07, "N": 25, "time": 0.9000341892242432}}, "4": {"10.0": {"chi2": -Infinity, "error": 0.00011068892452374373, "N": 5, "time": 0.2454366683959961}, "1.0": {"chi2": -Infinity, "error": 2.7368812289579613e-06, "N": 10, "time": 0.45392441749572754}, "0.1": {"chi2": -Infinity, "error": 3.8044888464017805e-07, "N": 15, "time": 0.6835808753967285}, "0.01": {"chi2": -Infinity, "error": 1.092014760042699e-07, "N": 20, "time": 1.0455563068389893}, "0.001": {"chi2": -Infinity, "error": 4.5026278325220396e-08, "N": 25, "time": 1.0864758491516113}}, "5": {"10.0": {"chi2": -Infinity, "error": 0.00018506700117397703, "N": 5, "time": 0.2850377559661865}, "1.0": {"chi2": -Infinity, "error": 2.317003228055525e-07, "N": 10, "time": 0.41235852241516113}, "0.1": {"chi2": -Infinity, "error": 2.8691129363139373e-08, "N": 15, "time": 0.6695399284362793}, "0.01": {"chi2": -Infinity, "error": 9.718714454612715e-10, "N": 20, "time": 0.7618589401245117}, "0.001": {"chi2": -Infinity, "error": 1.1807420673109695e-09, "N": 25, "time": 1.1083693504333496}}, "6": {"10.0": {"chi2": -Infinity, "error": 0.00019279101301487056, "N": 5, "time": 0.26392483711242676}, "1.0": {"chi2": -Infinity, "error": 5.188437000535375e-07, "N": 10, "time": 0.42414355278015137}, "0.1": {"chi2": -Infinity, "error": 3.832413036415813e-08, "N": 15, "time": 0.5856821537017822}, "0.01": {"chi2": -Infinity, "error": 6.366106154409248e-09, "N": 20, "time": 0.7640335559844971}, "0.001": {"chi2": -Infinity, "error": 1.58267110762305e-09, "N": 25, "time": 1.0086989402770996}}}