{"3": {"0.1": {"chi2": 1.742809217966659, "error": 0.003542542259638398, "N": 3, "time": 0.08612298965454102}, "0.01": {"chi2": 0.665528459318077, "error": 0.0026392539897003692, "N": 3, "time": 0.11539316177368164}, "0.001": {"chi2": 40.23413185814423, "error": 0.0004807985753892938, "N": 5, "time": 0.18116474151611328}, "0.0001": {"chi2": 0.4852835258709666, "error": 4.259787721210348e-09, "N": 50, "time": 0.6078338623046875}, "1e-05": {"chi2": 0.0021072988564739127, "error": 1.4017252974363183e-09, "N": 95, "time": 1.8249475955963135}, "1e-06": {"chi2": 0.017952844817447224, "error": 8.531251649991265e-09, "N": 236, "time": 8.000379085540771}, "1e-07": {"chi2": 0.0010374860091953095, "error": 2.943561194835849e-11, "N": 693, "time": 23.774428606033325}}, "4": {"0.1": {"chi2": 43.894561258479484, "error": 0.00490575908813242, "N": 3, "time": 0.0870664119720459}, "0.01": {"chi2": 10.779047965966924, "error": 0.0038889538771694643, "N": 3, "time": 0.09156489372253418}, "0.001": {"chi2": 4.115990009237301, "error": 0.0032754206892319318, "N": 3, "time": 0.09583616256713867}, "0.0001": {"chi2": 0.19470462410936545, "error": 1.0279905222637672e-09, "N": 50, "time": 0.6061813831329346}, "1e-05": {"chi2": 0.12039811331387944, "error": 7.852153817816242e-10, "N": 50, "time": 1.0246100425720215}, "1e-06": {"chi2": 0.0011363211725469293, "error": 4.557077006817663e-10, "N": 72, "time": 1.4752717018127441}, "1e-07": {"chi2": 4.3167433951882925e-06, "error": 1.301091795781435e-11, "N": 95, "time": 2.8622019290924072}, "1e-08": {"chi2": 0.000987544571499697, "error": 8.449956963429864e-15, "N": 272, "time": 9.046662092208862}}}