{"3": {"0.1": {"chi2": 0.11762368174159085, "error": 0.0006466061133724256, "N": 3, "time": 0.08607840538024902, "scipy_error": 0.0003780535586673172, "scipy_N": 3, "scipy_time": 0.0017650127410888672}, "0.01": {"chi2": 0.1240662976988451, "error": 0.0008055538112977578, "N": 3, "time": 0.09270524978637695, "scipy_error": 0.00010492625449802529, "scipy_N": 3, "scipy_time": 0.0018694400787353516}, "0.001": {"chi2": 0.04337894306858805, "error": 1.8550916740137036e-05, "N": 5, "time": 0.18437409400939941, "scipy_error": 0.00014723365229109495, "scipy_N": 3, "scipy_time": 0.0021147727966308594}, "0.0001": {"chi2": 0.22148146902967697, "error": 3.0700320752018046e-05, "N": 7, "time": 0.2272193431854248, "scipy_error": 5.700060025679117e-06, "scipy_N": 7, "scipy_time": 0.004723787307739258}, "1e-05": {"chi2": 0.004159298062060471, "error": 2.396813855599332e-07, "N": 13, "time": 0.3566157817840576, "scipy_error": 3.7821018761071713e-08, "scipy_N": 17, "scipy_time": 0.00573277473449707}, "1e-06": {"chi2": 0.0025714566645449687, "error": 1.459483149607581e-08, "N": 33, "time": 0.7775528430938721, "scipy_error": 7.4126063202070605e-09, "scipy_N": 25, "scipy_time": 0.005777835845947266}, "1e-07": {"chi2": 0.0024379072770272813, "error": 1.1911379496354791e-09, "N": 89, "time": 1.99607515335083, "scipy_error": 9.229754196726177e-11, "scipy_N": 73, "scipy_time": 0.007178306579589844}}, "4": {"0.1": {"chi2": 0.22801190568165372, "error": 0.00014781354539279123, "N": 3, "time": 0.08668065071105957, "scipy_error": 0.0003780535586673172, "scipy_N": 3, "scipy_time": 0.0017590522766113281}, "0.01": {"chi2": 0.15950017225606875, "error": 0.00014490977009962375, "N": 3, "time": 0.08761382102966309, "scipy_error": 0.00010492625449802529, "scipy_N": 3, "scipy_time": 0.0019338130950927734}, "0.001": {"chi2": 0.09193581907413499, "error": 0.00014339215110758779, "N": 3, "time": 0.08684587478637695, "scipy_error": 0.00014723365229109495, "scipy_N": 3, "scipy_time": 0.0021562576293945312}, "0.0001": {"chi2": 1.8882009601755945, "error": 6.076741874047399e-06, "N": 5, "time": 0.1789095401763916, "scipy_error": 5.700060025679117e-06, "scipy_N": 7, "scipy_time": 0.004640102386474609}, "1e-05": {"chi2": 1.845702068096628, "error": 6.063975725924209e-06, "N": 5, "time": 0.1766948699951172, "scipy_error": 3.7821018761071713e-08, "scipy_N": 17, "scipy_time": 0.005987405776977539}, "1e-06": {"chi2": 5.705769578398026, "error": 1.2661271144128252e-06, "N": 11, "time": 0.33513689041137695, "scipy_error": 7.4126063202070605e-09, "scipy_N": 25, "scipy_time": 0.006003141403198242}, "1e-07": {"chi2": 0.47039224409007296, "error": 1.566006035819515e-08, "N": 21, "time": 0.5994901657104492, "scipy_error": 9.229754196726177e-11, "scipy_N": 73, "scipy_time": 0.007686138153076172}, "1e-08": {"chi2": 0.12137651916874972, "error": 8.012768543923e-10, "N": 33, "time": 0.776418924331665, "scipy_error": 1.8249146840986383e-11, "scipy_N": 109, "scipy_time": 0.007452964782714844}}, "5": {"0.1": {"chi2": 1.7722469738364965, "error": 0.0002145998059236191, "N": 3, "time": 0.08823180198669434, "scipy_error": 0.0003780535586673172, "scipy_N": 3, "scipy_time": 0.0018413066864013672}, "0.01": {"chi2": 1.3726117961981508, "error": 0.0002148706491706926, "N": 3, "time": 0.09381532669067383, "scipy_error": 0.00010492625449802529, "scipy_N": 3, "scipy_time": 0.0019311904907226562}, "0.001": {"chi2": 1.0445709769334037, "error": 0.00021527274663082598, "N": 3, "time": 0.0926976203918457, "scipy_error": 0.00014723365229109495, "scipy_N": 3, "scipy_time": 0.0022344589233398438}, "0.0001": {"chi2": 0.5964491852919471, "error": 1.5222367647735863e-06, "N": 5, "time": 0.18524646759033203, "scipy_error": 5.700060025679117e-06, "scipy_N": 7, "scipy_time": 0.004774570465087891}, "1e-05": {"chi2": 0.5917688446827667, "error": 1.5187736110297504e-06, "N": 5, "time": 0.18062615394592285, "scipy_error": 3.7821018761071713e-08, "scipy_N": 17, "scipy_time": 0.006073951721191406}, "1e-06": {"chi2": 0.5613458210049088, "error": 3.621679039494521e-08, "N": 9, "time": 0.29613232612609863, "scipy_error": 7.4126063202070605e-09, "scipy_N": 25, "scipy_time": 0.006093263626098633}, "1e-07": {"chi2": 0.22922937353912903, "error": 2.7795568398662795e-09, "N": 13, "time": 0.3629024028778076, "scipy_error": 9.229754196726177e-11, "scipy_N": 73, "scipy_time": 0.007616519927978516}, "1e-08": {"chi2": 0.2816653033317701, "error": 3.046271220079235e-09, "N": 13, "time": 0.3630554676055908, "scipy_error": 1.8249146840986383e-11, "scipy_N": 109, "scipy_time": 0.0077610015869140625}}}