{"5": {"1e-06": {"chi2": 0.5302892030312422, "time": 0.5984821319580078, "error": 6.658187486725763e-08, "N": 53, "largest_step": 0.05555555555555558, "time_scipy": 0.008033514022827148, "error_scipy": 1.7819502802685994e-09, "N_scipy": 259, "largest_step_scipy": 0.012345679012345734}, "1e-05": {"chi2": 3.4880877803263632, "time": 0.4476461410522461, "error": 9.523359490074478e-07, "N": 35, "largest_step": 0.11111111111111116, "time_scipy": 0.007813692092895508, "error_scipy": 1.5895821541315627e-08, "N_scipy": 129, "largest_step_scipy": 0.0185185185185186}, "0.0001": {"chi2": 0.0036171927601445775, "time": 0.2037062644958496, "error": 3.93803158753313e-06, "N": 19, "largest_step": 0.11111111111111116, "time_scipy": 0.006683826446533203, "error_scipy": 8.458665871072297e-07, "N_scipy": 54, "largest_step_scipy": 0.05555555555555558}, "0.001": {"chi2": 1.5900892106595763, "time": 0.16096901893615723, "error": 0.00029656127180199084, "N": 15, "largest_step": 0.22222222222222232, "time_scipy": 0.0039958953857421875, "error_scipy": 1.1315404524740635e-05, "N_scipy": 29, "largest_step_scipy": 0.11111111111111116}, "0.01": {"chi2": 1.431397810520011, "time": 0.07224011421203613, "error": 0.0023323621807607364, "N": 10, "largest_step": 0.22222222222222232, "time_scipy": 0.0026721954345703125, "error_scipy": 0.0003167215830179085, "N_scipy": 13, "largest_step_scipy": 0.22222222222222232}, "0.1": {"chi2": 1.431397810520011, "time": 0.07639670372009277, "error": 0.0023323621807607364, "N": 10, "largest_step": 0.22222222222222232, "time_scipy": 0.002155780792236328, "error_scipy": 0.0003393838290245019, "N_scipy": 10, "largest_step_scipy": 0.22222222222222232}}, "4": {"1e-06": {"chi2": 0.048793375119471474, "time": 0.7525875568389893, "error": 6.16811016120481e-08, "N": 55, "largest_step": 0.03703703703703709, "time_scipy": 0.007678985595703125, "error_scipy": 1.7819502802685994e-09, "N_scipy": 259, "largest_step_scipy": 0.012345679012345734}, "1e-05": {"chi2": 0.014829987458775175, "time": 0.5004589557647705, "error": 2.932065932692289e-07, "N": 35, "largest_step": 0.07407407407407418, "time_scipy": 0.007157087326049805, "error_scipy": 1.5895821541315627e-08, "N_scipy": 129, "largest_step_scipy": 0.0185185185185186}, "0.0001": {"chi2": 0.0020254172728637995, "time": 0.2682647705078125, "error": 4.031927385145864e-06, "N": 19, "largest_step": 0.11111111111111116, "time_scipy": 0.0056536197662353516, "error_scipy": 8.458665871072297e-07, "N_scipy": 54, "largest_step_scipy": 0.05555555555555558}, "0.001": {"chi2": 0.6904715555883087, "time": 0.25311923027038574, "error": 0.0003774660870743074, "N": 15, "largest_step": 0.22222222222222232, "time_scipy": 0.003980875015258789, "error_scipy": 1.1315404524740635e-05, "N_scipy": 29, "largest_step_scipy": 0.11111111111111116}, "0.01": {"chi2": 0.6089884812568025, "time": 0.16304564476013184, "error": 0.0012251226568507291, "N": 10, "largest_step": 0.22222222222222232, "time_scipy": 0.0026061534881591797, "error_scipy": 0.0003167215830179085, "N_scipy": 13, "largest_step_scipy": 0.22222222222222232}, "0.1": {"chi2": 0.6089884812568025, "time": 0.16258764266967773, "error": 0.0012251226568507291, "N": 10, "largest_step": 0.22222222222222232, "time_scipy": 0.0012497901916503906, "error_scipy": 0.0003393838290245019, "N_scipy": 10, "largest_step_scipy": 0.22222222222222232}}, "3": {"1e-06": {"chi2": 99.56166041600396, "time": 1.6561472415924072, "error": 6.434696071287516e-06, "N": 158, "largest_step": 0.03703703703703698, "time_scipy": 0.007914066314697266, "error_scipy": 1.7819502802685994e-09, "N_scipy": 259, "largest_step_scipy": 0.012345679012345734}, "1e-05": {"chi2": 22.17048069955244, "time": 1.1037397384643555, "error": 4.718934054017271e-06, "N": 67, "largest_step": 0.03703703703703709, "time_scipy": 0.00719141960144043, "error_scipy": 1.5895821541315627e-08, "N_scipy": 129, "largest_step_scipy": 0.0185185185185186}, "0.0001": {"chi2": 13.594043614443429, "time": 0.49415040016174316, "error": 2.314697669945779e-05, "N": 37, "largest_step": 0.05555555555555558, "time_scipy": 0.008336067199707031, "error_scipy": 8.458665871072297e-07, "N_scipy": 54, "largest_step_scipy": 0.05555555555555558}, "0.001": {"chi2": 0.11243037680030613, "time": 0.2910654544830322, "error": 9.84955493063012e-05, "N": 18, "largest_step": 0.2222222222222221, "time_scipy": 0.0036220550537109375, "error_scipy": 1.1315404524740635e-05, "N_scipy": 29, "largest_step_scipy": 0.11111111111111116}, "0.01": {"chi2": 0.42569019428158567, "time": 0.1635587215423584, "error": 0.002120666898140735, "N": 10, "largest_step": 0.22222222222222232, "time_scipy": 0.0025472640991210938, "error_scipy": 0.0003167215830179085, "N_scipy": 13, "largest_step_scipy": 0.22222222222222232}, "0.1": {"chi2": 0.42569019428158567, "time": 0.16202855110168457, "error": 0.002120666898140735, "N": 10, "largest_step": 0.22222222222222232, "time_scipy": 0.0013496875762939453, "error_scipy": 0.0003393838290245019, "N_scipy": 10, "largest_step_scipy": 0.22222222222222232}}}