{"P32": {"6": {"1e-06": {"chi2": 0.1495885925579438, "time": 1.1555204391479492, "error": 4.271797634614545e-08, "N": 55, "largest_step": 0.0625, "time_scipy": 0.013650655746459961, "error_scipy": 5.022404041576595e-10, "N_scipy": 117, "largest_step_scipy": 0.01388888888888895}, "0.1": {"chi2": 0.16506733551892996, "time": 0.16391849517822266, "error": 1.6174431461384908e-05, "N": 5, "largest_step": 0.25, "time_scipy": 0.0032918453216552734, "error_scipy": 0.00014616498854833795, "N_scipy": 5, "largest_step_scipy": 0.25}}}, "P24": {"6": {"1e-06": {"chi2": 0.9852240544178984, "time": 0.2752232551574707, "error": 9.322135187705845e-07, "N": 10, "largest_step": 0.125, "time_scipy": 0.010927200317382812, "error_scipy": 1.847910077831462e-09, "N_scipy": 69, "largest_step_scipy": 0.02083333333333337}, "0.1": {"chi2": 148.99126588120856, "time": 0.1899106502532959, "error": 0.0007865394328392443, "N": 5, "largest_step": 0.25, "time_scipy": 0.003419160842895508, "error_scipy": 8.345429974607115e-05, "N_scipy": 5, "largest_step_scipy": 0.25}}}, "P28": {"6": {"1e-06": {"chi2": 104.12139307500681, "time": 4.893189430236816, "error": 3.01913144289478e-06, "N": 223, "largest_step": 0.015625, "time_scipy": 0.011083841323852539, "error_scipy": 2.992003909181125e-10, "N_scipy": 164, "largest_step_scipy": 0.02083333333333337}, "0.1": {"chi2": 201.8594495395373, "time": 0.1560993194580078, "error": 0.025531124523665554, "N": 5, "largest_step": 0.25, "time_scipy": 0.0029675960540771484, "error_scipy": 0.0004972121691199542, "N_scipy": 6, "largest_step_scipy": 0.25}}}, "P7": {"6": {"1e-06": {"chi2": 296.87683093387994, "time": 0.6950368881225586, "error": 5.714784698508123e-07, "N": 25, "largest_step": 0.125, "time_scipy": 0.009701967239379883, "error_scipy": 3.0462659663799364e-09, "N_scipy": 178, "largest_step_scipy": 0.01388888888888895}, "0.1": {"chi2": 4.491203454133056, "time": 0.16008615493774414, "error": 0.00415075961709607, "N": 5, "largest_step": 0.5, "time_scipy": 0.0014443397521972656, "error_scipy": 0.005073353499143512, "N_scipy": 5, "largest_step_scipy": 0.5}}}}