{"7th Problem": {"6": {"1e-06": {"chi2": 2.5660368449977713, "time": 0.5006618499755859, "error": 4.978215273241266e-07, "N": 25, "largest_step": 0.08333333333333337, "time_scipy": 0.00977468490600586, "error_scipy": 3.0462659663799364e-09, "N_scipy": 178, "largest_step_scipy": 0.01388888888888895}, "0.1": {"chi2": 2.9612304436282466, "time": 0.11326718330383301, "error": 0.014223978272057175, "N": 5, "largest_step": 0.5, "time_scipy": 0.00146484375, "error_scipy": 0.005073353499143512, "N_scipy": 5, "largest_step_scipy": 0.5}}}, "23rd Problem": {"6": {"1e-06": {"chi2": 26.869897929087184, "time": 1.5555145740509033, "error": 3.6617836045290043e-06, "N": 77, "largest_step": 0.02083333333333337, "time_scipy": 0.01337432861328125, "error_scipy": 4.385955430111487e-10, "N_scipy": 192, "largest_step_scipy": 0.013888888888888895}, "0.1": {"chi2": 4654.54019234951, "time": 0.17244625091552734, "error": 0.08882892906631949, "N": 5, "largest_step": 0.25, "time_scipy": 0.0057032108306884766, "error_scipy": 0.00032486907709967813, "N_scipy": 10, "largest_step_scipy": 0.125}}}, "24th Problem": {"6": {"1e-06": {"chi2": 2.108516180664552, "time": 0.2911972999572754, "error": 1.1256767518065386e-06, "N": 11, "largest_step": 0.125, "time_scipy": 0.01370859146118164, "error_scipy": 1.847910077831462e-09, "N_scipy": 69, "largest_step_scipy": 0.02083333333333337}, "0.1": {"chi2": 211.7053526451789, "time": 0.2993626594543457, "error": 0.0003376844733956161, "N": 6, "largest_step": 0.25, "time_scipy": 0.004162311553955078, "error_scipy": 8.345429974607115e-05, "N_scipy": 5, "largest_step_scipy": 0.25}}}, "28th Problem": {"6": {"1e-06": {"chi2": 0.08463253505238721, "time": 0.3286898136138916, "error": 1.0732972618821633e-07, "N": 11, "largest_step": 0.125, "time_scipy": 0.007864952087402344, "error_scipy": 6.475338330931785e-09, "N_scipy": 53, "largest_step_scipy": 0.04166666666666674}, "0.1": {"chi2": 2.0347657705916586, "time": 0.2172842025756836, "error": 4.970442216533418e-05, "N": 6, "largest_step": 0.25, "time_scipy": 0.0018279552459716797, "error_scipy": 7.141732386711718e-05, "N_scipy": 5, "largest_step_scipy": 0.25}}}, "32nd Problem": {"6": {"1e-06": {"chi2": 0.17489048402774957, "time": 0.6955618858337402, "error": 1.933143629457887e-07, "N": 31, "largest_step": 0.125, "time_scipy": 0.01417684555053711, "error_scipy": 5.022404041576595e-10, "N_scipy": 117, "largest_step_scipy": 0.01388888888888895}, "0.1": {"chi2": 0.00823963090804282, "time": 0.16659903526306152, "error": 0.009586033609128079, "N": 5, "largest_step": 0.25, "time_scipy": 0.0035610198974609375, "error_scipy": 0.00014616498854833795, "N_scipy": 5, "largest_step_scipy": 0.25}}}}