{"P32": {"4": {"0.01": {"chi2": 12162207.785491433, "time": 0.24995136260986328, "error": 0.48324556014543135, "N": 9, "largest_step": 0.125, "time_scipy": 0.006905078887939453, "error_scipy": 3.970717151401496e-05, "N_scipy": 9, "largest_step_scipy": 0.25}}}, "P24": {"4": {"0.01": {"chi2": 994.4910132494706, "time": 0.3492860794067383, "error": 0.27426941938721416, "N": 12, "largest_step": 0.25, "time_scipy": 0.013972282409667969, "error_scipy": 6.4132719043147e-05, "N_scipy": 17, "largest_step_scipy": 0.125}}}, "P20": {"4": {"0.01": {"chi2": 6.5212891612016595, "time": 0.14889073371887207, "error": 0.00407565188223191, "N": 5, "largest_step": 0.25, "time_scipy": 0.004961729049682617, "error_scipy": 4.184176093951428e-05, "N_scipy": 9, "largest_step_scipy": 0.125}}}, "P28": {"4": {"0.01": {"chi2": 2.4923982776640106, "time": 0.15188860893249512, "error": 0.022724074908896188, "N": 5, "largest_step": 0.25, "time_scipy": 0.0042417049407958984, "error_scipy": 3.720102201706612e-05, "N_scipy": 10, "largest_step_scipy": 0.25}}}, "P7": {"4": {"0.01": {"chi2": 3.0692166047642218, "time": 0.2232651710510254, "error": 0.01702099389512168, "N": 7, "largest_step": 0.5, "time_scipy": 0.005365848541259766, "error_scipy": 4.693010680110855e-05, "N_scipy": 19, "largest_step_scipy": 0.125}}}}