{"3": {"0.1": {"chi2": 0.010403440554716328, "error": 3.8556692136488905e-05, "N": 26}, "0.01": {"chi2": 0.00521730328162637, "error": 4.81067097664423e-06, "N": 48}, "0.001": {"chi2": 0.0004767500233603609, "error": 5.88487098428809e-08, "N": 195}, "0.0001": {"chi2": 0.0002885711463909135, "error": 5.542025591723371e-09, "N": 346}, "1e-05": {"chi2": 2.0362996667779275e-05, "error": 1.2642029504145993e-10, "N": 1252}}, "4": {"0.1": {"chi2": 0.19735541419753472, "error": 1.1014935008109372e-05, "N": 23}, "0.01": {"chi2": 0.009788198785485726, "error": 3.6271188505536427e-06, "N": 32}, "0.001": {"chi2": 0.0011055292335419987, "error": 9.619015200497169e-07, "N": 47}, "0.0001": {"chi2": 0.0029448142054341315, "error": 4.7044890797758076e-08, "N": 126}, "1e-05": {"chi2": 0.0034040480888621215, "error": 7.751026854187182e-09, "N": 243}}, "5": {"0.1": {"chi2": 0.5236685129488361, "error": 1.9050056210140104e-05, "N": 21}, "0.01": {"chi2": 1.793958413783891, "error": 4.869602132119778e-07, "N": 38}, "0.001": {"chi2": 0.5738278523731841, "error": 5.7018364156304305e-08, "N": 54}, "0.0001": {"chi2": 0.00022566004051298468, "error": 5.182726539711723e-09, "N": 82}, "1e-05": {"chi2": 1.4036409373536665e-06, "error": 4.39049051005385e-10, "N": 128}}, "6": {"0.1": {"chi2": 2.684839559107889, "error": 1.0854232508889542e-05, "N": 22}, "0.01": {"chi2": 9.318939740683302, "error": 4.1894377640454755e-07, "N": 36}, "0.001": {"chi2": 0.14971708751137203, "error": 1.4826323970216475e-07, "N": 50}, "0.0001": {"chi2": 0.0852144671269208, "error": 7.535053429407551e-09, "N": 70}, "1e-05": {"chi2": 0.0006879174494624939, "error": 6.612475009615896e-10, "N": 98}}}