{"5": {"1e-06": {"chi2": 8.053889025724362e-14, "time": 0.5055539608001709, "error": 6.658187486725763e-08, "N": 53, "largest_step": 0.05555555555555558, "time_scipy": 0.00690770149230957, "error_scipy": 1.7819502802685994e-09, "N_scipy": 259, "largest_step_scipy": 0.012345679012345734}, "1e-05": {"chi2": 1.4613213392858254e-11, "time": 0.35471320152282715, "error": 9.523359490074478e-07, "N": 35, "largest_step": 0.11111111111111116, "time_scipy": 0.006509065628051758, "error_scipy": 1.5895821541315627e-08, "N_scipy": 129, "largest_step_scipy": 0.0185185185185186}, "0.0001": {"chi2": 1.0161247056492663e-10, "time": 0.18033933639526367, "error": 3.93803158753313e-06, "N": 19, "largest_step": 0.11111111111111116, "time_scipy": 0.004664182662963867, "error_scipy": 8.458665871072297e-07, "N_scipy": 54, "largest_step_scipy": 0.05555555555555558}, "0.001": {"chi2": 7.718019403031792e-07, "time": 0.15773558616638184, "error": 0.00029656127180199084, "N": 15, "largest_step": 0.22222222222222232, "time_scipy": 0.0034575462341308594, "error_scipy": 1.1315404524740635e-05, "N_scipy": 29, "largest_step_scipy": 0.11111111111111116}, "0.01": {"chi2": 0.26790655642992156, "time": 0.07371163368225098, "error": 0.0023323621807607364, "N": 10, "largest_step": 0.22222222222222232, "time_scipy": 0.002757549285888672, "error_scipy": 0.0003167215830179085, "N_scipy": 13, "largest_step_scipy": 0.22222222222222232}, "0.1": {"chi2": 0.26790655642992156, "time": 0.07452821731567383, "error": 0.0023323621807607364, "N": 10, "largest_step": 0.22222222222222232, "time_scipy": 0.0012247562408447266, "error_scipy": 0.0003393838290245019, "N_scipy": 10, "largest_step_scipy": 0.22222222222222232}}, "4": {"1e-06": {"chi2": 7.208031594435989e-14, "time": 0.5131258964538574, "error": 6.16811016120481e-08, "N": 55, "largest_step": 0.03703703703703709, "time_scipy": 0.006984710693359375, "error_scipy": 1.7819502802685994e-09, "N_scipy": 259, "largest_step_scipy": 0.012345679012345734}, "1e-05": {"chi2": 1.2213531904027125e-12, "time": 0.3774707317352295, "error": 2.932065932692289e-07, "N": 35, "largest_step": 0.07407407407407418, "time_scipy": 0.0068759918212890625, "error_scipy": 1.5895821541315627e-08, "N_scipy": 129, "largest_step_scipy": 0.0185185185185186}, "0.0001": {"chi2": 1.7516642642780142e-10, "time": 0.18062448501586914, "error": 4.031927385145864e-06, "N": 19, "largest_step": 0.11111111111111116, "time_scipy": 0.004658699035644531, "error_scipy": 8.458665871072297e-07, "N_scipy": 54, "largest_step_scipy": 0.05555555555555558}, "0.001": {"chi2": 1.7294270916793137e-06, "time": 0.15816903114318848, "error": 0.0003774660870743074, "N": 15, "largest_step": 0.22222222222222232, "time_scipy": 0.003499746322631836, "error_scipy": 1.1315404524740635e-05, "N_scipy": 29, "largest_step_scipy": 0.11111111111111116}, "0.01": {"chi2": 0.5397348976127931, "time": 0.07453703880310059, "error": 0.0012251226568507291, "N": 10, "largest_step": 0.22222222222222232, "time_scipy": 0.002328634262084961, "error_scipy": 0.0003167215830179085, "N_scipy": 13, "largest_step_scipy": 0.22222222222222232}, "0.1": {"chi2": 0.5397348976127931, "time": 0.07347631454467773, "error": 0.0012251226568507291, "N": 10, "largest_step": 0.22222222222222232, "time_scipy": 0.0011992454528808594, "error_scipy": 0.0003393838290245019, "N_scipy": 10, "largest_step_scipy": 0.22222222222222232}}, "3": {"1e-06": {"chi2": 8.097653001059983e-10, "time": 1.457704782485962, "error": 6.434696071287516e-06, "N": 158, "largest_step": 0.03703703703703698, "time_scipy": 0.007589101791381836, "error_scipy": 1.7819502802685994e-09, "N_scipy": 259, "largest_step_scipy": 0.012345679012345734}, "1e-05": {"chi2": 2.778804478909597e-10, "time": 0.838747501373291, "error": 4.718934054017271e-06, "N": 67, "largest_step": 0.03703703703703709, "time_scipy": 0.006457090377807617, "error_scipy": 1.5895821541315627e-08, "N_scipy": 129, "largest_step_scipy": 0.0185185185185186}, "0.0001": {"chi2": 7.498323837491962e-09, "time": 0.36899495124816895, "error": 2.314697669945779e-05, "N": 37, "largest_step": 0.05555555555555558, "time_scipy": 0.0047626495361328125, "error_scipy": 8.458665871072297e-07, "N_scipy": 54, "largest_step_scipy": 0.05555555555555558}, "0.001": {"chi2": 1.2748462584599985e-07, "time": 0.17533421516418457, "error": 9.84955493063012e-05, "N": 18, "largest_step": 0.2222222222222221, "time_scipy": 0.003472566604614258, "error_scipy": 1.1315404524740635e-05, "N_scipy": 29, "largest_step_scipy": 0.11111111111111116}, "0.01": {"chi2": 0.4244606710116895, "time": 0.07342839241027832, "error": 0.002120666898140735, "N": 10, "largest_step": 0.22222222222222232, "time_scipy": 0.002445697784423828, "error_scipy": 0.0003167215830179085, "N_scipy": 13, "largest_step_scipy": 0.22222222222222232}, "0.1": {"chi2": 0.4244606710116895, "time": 0.07274460792541504, "error": 0.002120666898140735, "N": 10, "largest_step": 0.22222222222222232, "time_scipy": 0.0012955665588378906, "error_scipy": 0.0003393838290245019, "N_scipy": 10, "largest_step_scipy": 0.22222222222222232}}}