{"3": {"0.1": {"time": 0.09210085868835449, "chi2": 0.6495985316085869, "error": 0.0019404315684298564, "N": 10}, "0.01": {"time": 0.09032654762268066, "chi2": 0.6495985316085869, "error": 0.0019404315684298564, "N": 10}, "0.001": {"time": 0.18621420860290527, "chi2": 0.058026257884887016, "error": 0.0001297831911331174, "N": 18}, "0.0001": {"time": 0.3883192539215088, "chi2": 0.1205527368696835, "error": 1.6289277133103693e-05, "N": 38}, "1e-05": {"time": 0.8839352130889893, "chi2": 0.06232161027418577, "error": 2.684465950630472e-06, "N": 75}}, "4": {"0.1": {"time": 0.08473896980285645, "chi2": 6.18878518953087, "error": 0.002186072158389719, "N": 10}, "0.01": {"time": 0.09432530403137207, "chi2": 6.18878518953087, "error": 0.002186072158389719, "N": 10}, "0.001": {"time": 0.14638066291809082, "chi2": 5.415567453783131, "error": 0.0015999831018088185, "N": 16}, "0.0001": {"time": 0.5234580039978027, "chi2": 6.578505458073747, "error": 4.7643604784620066e-05, "N": 36}, "1e-05": {"time": 0.48113131523132324, "chi2": 2.221094949896001, "error": 5.273505221184217e-06, "N": 51}}, "5": {"0.1": {"time": 0.139387845993042, "chi2": 11.418142243606756, "error": 0.003603647702792706, "N": 10}, "0.01": {"time": 0.11872076988220215, "chi2": 11.418142243606756, "error": 0.003603647702792706, "N": 10}, "0.001": {"time": 0.26729249954223633, "chi2": 82.06042827242199, "error": 0.0013257369158734904, "N": 17}, "0.0001": {"time": 0.35175228118896484, "chi2": 140.30320176656159, "error": 0.0006133754492135672, "N": 26}, "1e-05": {"time": 1.5813066959381104, "chi2": 1296.7132013875446, "error": 0.00010716188937192856, "N": 108}}, "6": {"0.1": {"time": 0.12843108177185059, "chi2": 15.699931401473956, "error": 0.008140867019839782, "N": 10}, "0.01": {"time": 0.12989568710327148, "chi2": 15.699931401473956, "error": 0.008140867019839782, "N": 10}, "0.001": {"time": 0.3456110954284668, "chi2": 167.70792623637033, "error": 0.0008904724152093535, "N": 21}, "0.0001": {"time": 0.7100887298583984, "chi2": 4.387977319497118, "error": 6.60550646246363e-05, "N": 57}, "1e-05": {"time": 0.8093588352203369, "chi2": 3965.6508661013777, "error": 0.00010983004862396287, "N": 72}}}