{"3": {"0.1": {"chi2": 1.4169534096963328, "time": 0.09849739074707031, "error": 0.003094848384703252, "N": 10, "time_scipy": 0.0011951923370361328, "error_scipy": 0.0005297984550456673, "N_scipy": 10}, "0.01": {"chi2": 1.4169534096963328, "time": 0.11033391952514648, "error": 0.003094848384703252, "N": 10, "time_scipy": 0.0034530162811279297, "error_scipy": 3.0910941010369595e-05, "N_scipy": 21}, "0.001": {"chi2": 0.1238563589754232, "time": 0.2132880687713623, "error": 0.00046626605210120937, "N": 18, "time_scipy": 0.004559516906738281, "error_scipy": 1.0717153754201678e-05, "N_scipy": 33}, "0.0001": {"chi2": 10.12899956086252, "time": 0.41559505462646484, "error": 2.612853967432963e-05, "N": 38, "time_scipy": 0.004814624786376953, "error_scipy": 0.0, "N_scipy": 68}, "1e-05": {"chi2": 8.076267246550298, "time": 0.8963966369628906, "error": 4.4524514724233965e-06, "N": 75, "time_scipy": 0.0065250396728515625, "error_scipy": 1.1983995116616122e-06, "N_scipy": 145}}, "4": {"0.1": {"chi2": 2.2496435778567556, "time": 0.11380553245544434, "error": 0.0030771287038565973, "N": 10, "time_scipy": 0.0012249946594238281, "error_scipy": 0.0005297984550456673, "N_scipy": 10}, "0.01": {"chi2": 2.2496435778567556, "time": 0.09454035758972168, "error": 0.0030771287038565973, "N": 10, "time_scipy": 0.0033445358276367188, "error_scipy": 3.0910941010369595e-05, "N_scipy": 21}, "0.001": {"chi2": 3.8691116414904285, "time": 0.19892263412475586, "error": 0.0012062061339534467, "N": 16, "time_scipy": 0.004525184631347656, "error_scipy": 1.0717153754201678e-05, "N_scipy": 33}, "0.0001": {"chi2": 0.271144552106089, "time": 0.3520019054412842, "error": 9.579837546193694e-06, "N": 30, "time_scipy": 0.004749774932861328, "error_scipy": 0.0, "N_scipy": 68}, "1e-05": {"chi2": 0.7623499485891247, "time": 0.5006217956542969, "error": 1.1933020416501448e-06, "N": 51, "time_scipy": 0.006469249725341797, "error_scipy": 1.1983995116616122e-06, "N_scipy": 145}}, "5": {"0.1": {"chi2": 4.25622042062927, "time": 0.12847185134887695, "error": 0.006478850813217317, "N": 10, "time_scipy": 0.0012104511260986328, "error_scipy": 0.0005297984550456673, "N_scipy": 10}, "0.01": {"chi2": 4.25622042062927, "time": 0.10158348083496094, "error": 0.006478850813217317, "N": 10, "time_scipy": 0.003420591354370117, "error_scipy": 3.0910941010369595e-05, "N_scipy": 21}, "0.001": {"chi2": 2.8885248398621197, "time": 0.23663091659545898, "error": 0.000693576873254475, "N": 17, "time_scipy": 0.004587411880493164, "error_scipy": 1.0717153754201678e-05, "N_scipy": 33}, "0.0001": {"chi2": 1.7254077593814388, "time": 0.3838801383972168, "error": 2.099455016200129e-06, "N": 32, "time_scipy": 0.004633903503417969, "error_scipy": 0.0, "N_scipy": 68}, "1e-05": {"chi2": 29.618165725749606, "time": 0.49530553817749023, "error": 1.2268712313850497e-06, "N": 47, "time_scipy": 0.006635904312133789, "error_scipy": 1.1983995116616122e-06, "N_scipy": 145}}}