{"P24": {"4": {"1e-05": {"chi2": 0.028297893753976053, "time": 3.629366397857666, "error": 2.0573119144323396e-06, "N": 68, "largest_step": 0.041666666666666664, "time_scipy": 0.02076268196105957, "error_scipy": 1.3761866684111927e-08, "N_scipy": 133, "largest_step_scipy": 0.02083333333333337}, "0.01": {"chi2": 962.6579017975663, "time": 0.5140864849090576, "error": 0.27110358191930095, "N": 11, "largest_step": 0.25, "time_scipy": 0.018340349197387695, "error_scipy": 6.4132719043147e-05, "N_scipy": 17, "largest_step_scipy": 0.125}}}, "P20": {"4": {"1e-05": {"chi2": 531997.1443590235, "time": 1.2166862487792969, "error": 0.0002357300390926717, "N": 26, "largest_step": 0.08333333333333333, "time_scipy": 0.011692047119140625, "error_scipy": 1.3713853235325707e-08, "N_scipy": 63, "largest_step_scipy": 0.041666666666666664}, "0.01": {"chi2": 6.521290685124109, "time": 0.10383796691894531, "error": 0.004075651823709967, "N": 5, "largest_step": 0.25, "time_scipy": 0.006120204925537109, "error_scipy": 4.184176093951428e-05, "N_scipy": 9, "largest_step_scipy": 0.125}}}, "P28": {"4": {"1e-05": {"chi2": 1.6682791980907021, "time": 3.1519339084625244, "error": 1.0655077767472943e-05, "N": 76, "largest_step": 0.02083333333333337, "time_scipy": 0.012783050537109375, "error_scipy": 6.742478646655015e-09, "N_scipy": 77, "largest_step_scipy": 0.04166666666666674}, "0.01": {"chi2": 2.492391492731803, "time": 0.10341000556945801, "error": 0.022724072248440436, "N": 5, "largest_step": 0.25, "time_scipy": 0.005528688430786133, "error_scipy": 3.720102201706612e-05, "N_scipy": 10, "largest_step_scipy": 0.25}}}, "P7": {"4": {"1e-05": {"chi2": 10154.377495388317, "time": 2.0635318756103516, "error": 3.8896078790963406e-05, "N": 59, "largest_step": 0.05555555555555558, "time_scipy": 0.011714696884155273, "error_scipy": 4.29489909213437e-08, "N_scipy": 140, "largest_step_scipy": 0.02777777777777779}, "0.01": {"chi2": 3.0692166347249326, "time": 0.22914743423461914, "error": 0.01702099389512168, "N": 7, "largest_step": 0.5, "time_scipy": 0.007096529006958008, "error_scipy": 4.693010680110855e-05, "N_scipy": 19, "largest_step_scipy": 0.125}}}}