{"5": {"1e-06": {"chi2": 0.533346053957926, "time": 0.5409204959869385, "error": 6.678343329034617e-08, "N": 53, "time_scipy": 0.007010698318481445, "error_scipy": 1.7819502802685994e-09, "N_scipy": 259}, "1e-05": {"chi2": 3.565726880141139, "time": 0.39848804473876953, "error": 9.598067385619301e-07, "N": 35, "time_scipy": 0.006534099578857422, "error_scipy": 1.5895821541315627e-08, "N_scipy": 129}, "0.0001": {"chi2": 0.0036274872986692217, "time": 0.2233104705810547, "error": 3.944638818921404e-06, "N": 19, "time_scipy": 0.004732847213745117, "error_scipy": 8.458665871072297e-07, "N_scipy": 54}, "0.001": {"chi2": 1.5902191277330133, "time": 0.20079731941223145, "error": 0.00029656266523209093, "N": 15, "time_scipy": 0.0034477710723876953, "error_scipy": 1.1315404524740635e-05, "N_scipy": 29}, "0.01": {"chi2": 1.43139748377404, "time": 0.1235964298248291, "error": 0.002332361848028919, "N": 10, "time_scipy": 0.0024716854095458984, "error_scipy": 0.0003167215830179085, "N_scipy": 13}, "0.1": {"chi2": 1.43139748377404, "time": 0.12557172775268555, "error": 0.002332361848028919, "N": 10, "time_scipy": 0.0012507438659667969, "error_scipy": 0.0003393838290245019, "N_scipy": 10}}, "4": {"1e-06": {"chi2": 0.04879337043714561, "time": 0.5528411865234375, "error": 6.168110172371909e-08, "N": 55, "time_scipy": 0.007337331771850586, "error_scipy": 1.7819502802685994e-09, "N_scipy": 259}, "1e-05": {"chi2": 0.014829987330921625, "time": 0.4290454387664795, "error": 2.932065931511402e-07, "N": 35, "time_scipy": 0.0075457096099853516, "error_scipy": 1.5895821541315627e-08, "N_scipy": 129}, "0.0001": {"chi2": 0.002025417276448505, "time": 0.26222968101501465, "error": 4.031927389794254e-06, "N": 19, "time_scipy": 0.004965543746948242, "error_scipy": 8.458665871072297e-07, "N_scipy": 54}, "0.001": {"chi2": 0.6904715555344123, "time": 0.20387864112854004, "error": 0.00037746608707358214, "N": 15, "time_scipy": 0.003640413284301758, "error_scipy": 1.1315404524740635e-05, "N_scipy": 29}, "0.01": {"chi2": 0.6089884812567694, "time": 0.12505602836608887, "error": 0.001225122656850641, "N": 10, "time_scipy": 0.0024194717407226562, "error_scipy": 0.0003167215830179085, "N_scipy": 13}, "0.1": {"chi2": 0.6089884812567694, "time": 0.13303327560424805, "error": 0.001225122656850641, "N": 10, "time_scipy": 0.00124359130859375, "error_scipy": 0.0003393838290245019, "N_scipy": 10}}, "3": {"1e-06": {"chi2": 97.62720938914467, "time": 1.5810308456420898, "error": 6.430199648988402e-06, "N": 158, "time_scipy": 0.007745027542114258, "error_scipy": 1.7819502802685994e-09, "N_scipy": 259}, "1e-05": {"chi2": 21.435208136290218, "time": 1.0065333843231201, "error": 4.71557868072496e-06, "N": 67, "time_scipy": 0.007953405380249023, "error_scipy": 1.5895821541315627e-08, "N_scipy": 129}, "0.0001": {"chi2": 13.594042903176494, "time": 0.4121541976928711, "error": 2.314697656927413e-05, "N": 37, "time_scipy": 0.005088329315185547, "error_scipy": 8.458665871072297e-07, "N_scipy": 54}, "0.001": {"chi2": 0.11243037679924593, "time": 0.23717808723449707, "error": 9.849554930619856e-05, "N": 18, "time_scipy": 0.0036296844482421875, "error_scipy": 1.1315404524740635e-05, "N_scipy": 29}, "0.01": {"chi2": 0.4256901942815913, "time": 0.10608530044555664, "error": 0.002120666898140367, "N": 10, "time_scipy": 0.0026776790618896484, "error_scipy": 0.0003167215830179085, "N_scipy": 13}, "0.1": {"chi2": 0.4256901942815913, "time": 0.137620210647583, "error": 0.002120666898140367, "N": 10, "time_scipy": 0.0013682842254638672, "error_scipy": 0.0003393838290245019, "N_scipy": 10}}}