{"23rd Problem": {"6": {"1e-06": {"chi2": 27.58873487257575, "time": 1.427497148513794, "error": 3.6617836045290043e-06, "N": 77, "largest_step": 0.02083333333333337, "time_scipy": 0.013228178024291992, "error_scipy": 4.385955430111487e-10, "N_scipy": 192, "largest_step_scipy": 0.013888888888888895}, "0.1": {"chi2": 4654.540192351899, "time": 0.12010455131530762, "error": 0.08882892906631949, "N": 5, "largest_step": 0.25, "time_scipy": 0.00565338134765625, "error_scipy": 0.00032486907709967813, "N_scipy": 10, "largest_step_scipy": 0.125}}}, "32nd Problem": {"6": {"1e-06": {"chi2": 0.2716043503549132, "time": 0.7128534317016602, "error": 1.933143629457887e-07, "N": 31, "largest_step": 0.125, "time_scipy": 0.013460874557495117, "error_scipy": 5.022404041576595e-10, "N_scipy": 117, "largest_step_scipy": 0.01388888888888895}, "0.1": {"chi2": 0.00823963090822921, "time": 0.16453218460083008, "error": 0.009586033609128079, "N": 5, "largest_step": 0.25, "time_scipy": 0.0033516883850097656, "error_scipy": 0.00014616498854833795, "N_scipy": 5, "largest_step_scipy": 0.25}}}, "24th Problem": {"6": {"1e-06": {"chi2": 2.4091008944889465, "time": 0.2849912643432617, "error": 1.1256767518065386e-06, "N": 11, "largest_step": 0.125, "time_scipy": 0.009460687637329102, "error_scipy": 1.847910077831462e-09, "N_scipy": 69, "largest_step_scipy": 0.02083333333333337}, "0.1": {"chi2": 211.8606434226466, "time": 0.22736907005310059, "error": 0.0003376844733956161, "N": 6, "largest_step": 0.25, "time_scipy": 0.002852916717529297, "error_scipy": 8.345429974607115e-05, "N_scipy": 5, "largest_step_scipy": 0.25}}}, "28th Problem": {"6": {"1e-06": {"chi2": 0.5185127389019619, "time": 0.27749133110046387, "error": 1.0732972618821633e-07, "N": 11, "largest_step": 0.125, "time_scipy": 0.007521390914916992, "error_scipy": 6.475338330931785e-09, "N_scipy": 53, "largest_step_scipy": 0.04166666666666674}, "0.1": {"chi2": 2.037276089939234, "time": 0.22408676147460938, "error": 4.970442216533418e-05, "N": 6, "largest_step": 0.25, "time_scipy": 0.0017354488372802734, "error_scipy": 7.141732386711718e-05, "N_scipy": 5, "largest_step_scipy": 0.25}}}, "7th Problem": {"6": {"1e-06": {"chi2": 3.806276572893297, "time": 0.5410094261169434, "error": 4.978215273241266e-07, "N": 25, "largest_step": 0.08333333333333337, "time_scipy": 0.009473800659179688, "error_scipy": 3.0462659663799364e-09, "N_scipy": 178, "largest_step_scipy": 0.01388888888888895}, "0.1": {"chi2": 2.9612304436282466, "time": 0.16927862167358398, "error": 0.014223978272057175, "N": 5, "largest_step": 0.5, "time_scipy": 0.0015184879302978516, "error_scipy": 0.005073353499143512, "N_scipy": 5, "largest_step_scipy": 0.5}}}}