{"32nd Problem": {"6": {"1e-06": {"chi2": 0.2716043503549132, "time": 0.6801433563232422, "error": 1.933143629457887e-07, "N": 31, "largest_step": 0.125, "time_scipy": 0.01332712173461914, "error_scipy": 5.022404041576595e-10, "N_scipy": 117, "largest_step_scipy": 0.01388888888888895}, "0.1": {"chi2": 0.00823963090822921, "time": 0.16251468658447266, "error": 0.009586033609128079, "N": 5, "largest_step": 0.25, "time_scipy": 0.003282785415649414, "error_scipy": 0.00014616498854833795, "N_scipy": 5, "largest_step_scipy": 0.25}}}, "24th Problem": {"6": {"1e-06": {"chi2": 2.4091008944889465, "time": 0.29242992401123047, "error": 1.1256767518065386e-06, "N": 11, "largest_step": 0.125, "time_scipy": 0.009497404098510742, "error_scipy": 1.847910077831462e-09, "N_scipy": 69, "largest_step_scipy": 0.02083333333333337}, "0.1": {"chi2": 211.8606434226466, "time": 0.2366013526916504, "error": 0.0003376844733956161, "N": 6, "largest_step": 0.25, "time_scipy": 0.002785921096801758, "error_scipy": 8.345429974607115e-05, "N_scipy": 5, "largest_step_scipy": 0.25}}}, "28th Problem": {"6": {"1e-06": {"chi2": 0.5185127389019619, "time": 0.29175233840942383, "error": 1.0732972618821633e-07, "N": 11, "largest_step": 0.125, "time_scipy": 0.008740425109863281, "error_scipy": 6.475338330931785e-09, "N_scipy": 53, "largest_step_scipy": 0.04166666666666674}, "0.1": {"chi2": 2.037276089939234, "time": 0.2229900360107422, "error": 4.970442216533418e-05, "N": 6, "largest_step": 0.25, "time_scipy": 0.0017614364624023438, "error_scipy": 7.141732386711718e-05, "N_scipy": 5, "largest_step_scipy": 0.25}}}, "7th Problem": {"6": {"1e-06": {"chi2": 3.806276572893297, "time": 0.5580160617828369, "error": 4.978215273241266e-07, "N": 25, "largest_step": 0.08333333333333337, "time_scipy": 0.009505748748779297, "error_scipy": 3.0462659663799364e-09, "N_scipy": 178, "largest_step_scipy": 0.01388888888888895}, "0.1": {"chi2": 2.9612304436282466, "time": 0.1547374725341797, "error": 0.014223978272057175, "N": 5, "largest_step": 0.5, "time_scipy": 0.0014967918395996094, "error_scipy": 0.005073353499143512, "N_scipy": 5, "largest_step_scipy": 0.5}}}}