,IEKS-EKF,KS-EKF
16,-19.552885751700465,35.04349247918127
32,-26.452654256208533,54.210885403058754
64,-34.797721776043694,68.21010057818923
128,-24.806696987107188,80.47657690577321
256,0.18426963577374522,92.18882298775125
512,23.528671622947385,104.22185459441553
