,IEKS-EKF,KS-EKF
16,4.273173319433249,24744.163583476413
32,0.483027404417122,229782.26538637155
64,0.019540857706576327,3684985.4610633412
128,0.020143891839517848,59800559.31521227
256,3.358871860932269,848026155.0567173
512,715.9561716645095,13030451213.106218
