,IEKS-EKF,KS-EKF
16,0.0031578546813592193,0.15522541400314874
32,0.00022564502198066546,0.15809533301058068
64,1.3842639010193728e-05,0.15759495154419118
128,8.226309452404538e-07,0.1577283562741585
256,2.444436905111242e-07,0.1578971158411053
512,2.755751996398773e-07,0.15794199698018452
