,IEKS-EKF,KS-EKF
16,0.0031646471783865434,0.1517302391568058
32,0.00017937121593643247,0.154520468391856
64,8.412348015177279e-06,0.15386729676647165
128,2.573801537567355e-07,0.1540144786871201
256,2.3147729067111031e-07,0.15417767623762768
512,2.3211381233505422e-07,0.15421365901735629
