,IEKS-EKF,KS-EKF
2,27.604289066638223,27.60428906663818
4,2.0366297300041225,2.618038913969187
8,-12.543398017988665,21.29213516749526
16,-21.78282326202408,49.30297063898627
32,-26.959231623263264,62.91890613193178
64,-20.270920811786056,76.44529889629234
128,24.191102616327015,88.3628708353728
256,40.05985581253475,103.12413420573935
