,IEKS-EKF,IEKS-IEKF,KS-EKF,KS-IEKF
2,0.043948080672206694,0.043948080672206694,0.043948080672206694,0.043948080672206694
4,0.00014639984949863565,0.00014711900447118964,0.0010576777414422348,0.0001471256905675289
8,5.122617131728813e-06,7.692635270059664e-06,0.00010600525769772943,7.67299224589004e-06
