,IEKS-EKF,KS-EKF
16,50.57054689273496,101.44374517178157
32,45.30024632855521,124.41124059150536
64,35.68901033197809,144.02863958356957
128,44.05528120821959,163.18154547849034
256,63.616068670965184,181.99637806227997
512,82.55925623330646,200.46193345472784
