,IEKS-EKF,KS-EKF
16,0.12475473421551948,2792.766060584435
32,0.01038200164032135,138933.15285227099
64,0.0013836444118617724,3329524.4868066143
128,0.018658771707040795,53601198.743739665
256,3.32381997770304,759893869.0901753
512,714.4566126346617,12020664875.643776
