{"6": {"0.1": {"chi2": 1663513070.7730083, "error": 0.0007280501006815153, "N": 10, "time": 0.14725375175476074}, "0.01": {"chi2": 2065227122.688189, "error": 0.000728317749796939, "N": 10, "time": 0.15433144569396973}, "0.001": {"chi2": 0.03359851827497301, "error": 1.6562121219880857e-06, "N": 18, "time": 0.44295263290405273}, "0.0001": {"chi2": 0.0010866387495612549, "error": 4.868355457644624e-09, "N": 19, "time": 0.2998983860015869}, "1e-05": {"chi2": 0.0056966331976530905, "error": 5.19569976829619e-10, "N": 22, "time": 0.45935583114624023}, "1e-06": {"chi2": 0.000719841247965393, "error": 1.576244058926034e-11, "N": 36, "time": 1.025529384613037}, "1e-07": {"chi2": 0.0005364598350456683, "error": 1.4790807517098995e-11, "N": 46, "time": 1.5557711124420166}, "1e-08": {"chi2": 0.004548602672986375, "error": 7.753960312360839e-13, "N": 85, "time": 2.194622039794922}}, "5": {"0.1": {"chi2": 0.07742882291155229, "error": 9.484294199003526e-09, "N": 10, "time": 0.21155762672424316}, "0.01": {"chi2": 0.07829933986146959, "error": 1.138749901056038e-08, "N": 10, "time": 0.20594263076782227}, "0.001": {"chi2": 0.0850083602938453, "error": 1.2107823928548974e-08, "N": 10, "time": 0.20686841011047363}, "0.0001": {"chi2": 0.0837139298701326, "error": 1.2428208781196573e-08, "N": 10, "time": 0.20639324188232422}, "1e-05": {"chi2": 0.08688805736715527, "error": 1.2889603291820606e-08, "N": 10, "time": 0.2090609073638916}, "1e-06": {"chi2": 0.0009215742854798395, "error": 3.9612014923504014e-10, "N": 15, "time": 0.3896455764770508}, "1e-07": {"chi2": 0.0009624765424525773, "error": 1.015429271360483e-11, "N": 21, "time": 0.6891908645629883}, "1e-08": {"chi2": 7.572661969312162e-05, "error": 5.196928455700297e-12, "N": 23, "time": 0.812143087387085}}, "4": {"0.1": {"chi2": 0.04408555581090318, "error": 1.0956651460068596e-07, "N": 10, "time": 0.2075669765472412}, "0.01": {"chi2": 0.05467177483879014, "error": 1.0902435972993031e-07, "N": 10, "time": 0.17552900314331055}, "0.001": {"chi2": 0.06319436078291983, "error": 1.0867069797247744e-07, "N": 10, "time": 0.1741504669189453}, "0.0001": {"chi2": 0.07236514944613141, "error": 1.0843837057941207e-07, "N": 10, "time": 0.17505669593811035}, "1e-05": {"chi2": 0.015943226962512894, "error": 2.9627278704667048e-08, "N": 14, "time": 0.3397221565246582}, "1e-06": {"chi2": 0.0023503931967236644, "error": 1.680392894964358e-09, "N": 23, "time": 0.6774101257324219}, "1e-07": {"chi2": 9.467000275942852e-06, "error": 8.006372605556402e-11, "N": 34, "time": 1.2378454208374023}, "1e-08": {"chi2": 3.830620357647033e-08, "error": 7.772195678289221e-13, "N": 62, "time": 2.6784746646881104}}}